iter	RMSE
0	0.3842541632
1	0.3740161902
2	0.3699872613
3	0.3661161804
4	0.362507381
5	0.3606247078
6	0.3583701688
7	0.3569944927
8	0.3557245832
9	0.3534159674
